Availability,Numberofreviews,UPC,description,name,page,price
,,,,The Requiem Red,,
,,,,A Light in the Attic,,
,,,,Libertarianism for Beginners,,
,,,,Mesaerion: The Best Science Fiction Stories 1800-1849,,
,,,,"Our Band Could Be Your Life: Scenes from the American Indie Underground, 1981-1991",,
,,,,Olio,,
,,,,Rip it Up and Start Again,,
,,,,Set Me Free,,
,,,,Tipping the Velvet,,
,,,,It's Only the Himalayas,,
,,,,Soumission,,
,,,,Sharp Objects,,
,,,,The Black Maria,,
,,,,Sapiens: A Brief History of Humankind,,
,,,,Scott Pilgrim's Precious Little Life (Scott Pilgrim #1),,
,,,,"The Coming Woman: A Novel Based on the Life of the Infamous Feminist, Victoria Woodhull",,
,,,,Shakespeare's Sonnets,,
,,,,The Dirty Little Secrets of Getting Your Dream Job,,
,,,,"Starving Hearts (Triangular Trade Trilogy, #1)",,
,,,,Birdsong: A Story in Pictures,,
,,,,America's Cradle of Quarterbacks: Western Pennsylvania's Football Factory from Johnny Unitas to Joe Montana,,
,,,,How Music Works,,
,,,,In Her Wake,,
,,,,Worlds Elsewhere: Journeys Around Shakespeare’s Globe,,
,,,,Wall and Piece,,
,,,,"Foolproof Preserving: A Guide to Small Batch Jams, Jellies, Pickles, Condiments, and More: A Foolproof Guide to Making Small Batch Jams, Jellies, Pickles, Condiments, and More",,
,,,,Chase Me (Paris Nights #2),,
,,,,The Boys in the Boat: Nine Americans and Their Epic Quest for Gold at the 1936 Berlin Olympics,,
,,,,The Bear and the Piano,,
,,,,The Four Agreements: A Practical Guide to Personal Freedom,,
,,,,The Five Love Languages: How to Express Heartfelt Commitment to Your Mate,,
,,,,Sophie's World,,
,,,,"In a Dark, Dark Wood",,
,,,,Behind Closed Doors,,
,,,,You can't bury them all: Poems,,
,,,,The Elephant Tree,,
,,,,Black Dust,,
,,,,Maude (1883-1993):She Grew Up with the country,,
,,,,Slow States of Collapse: Poems,,
,,,,Reasons to Stay Alive,,
,,,,#HigherSelfie: Wake Up Your Life. Free Your Soul. Find Your Tribe.,,
,,,,"The Pioneer Woman Cooks: Dinnertime: Comfort Classics, Freezer Food, 16-Minute Meals, and Other Delicious Ways to Solve Supper!",,
,,,,Private Paris (Private #10),,
,,,,The Torch Is Passed: A Harding Family Story,,
,,,,The Natural History of Us (The Fine Art of Pretending #2),,
,,,,The Past Never Ends,,
,,,,Aladdin and His Wonderful Lamp,,
,,,,Penny Maybe,,
,,,,The Secret of Dreadwillow Carse,,
,,,,Tsubasa: WoRLD CHRoNiCLE 2 (Tsubasa WoRLD CHRoNiCLE #2),,
,,,,Thirst,,
,,,,This One Summer,,
,,,,Reskilling America: Learning to Labor in the Twenty-First Century,,
,,,,"Saga, Volume 5 (Saga (Collected Editions) #5)",,
,,,,"Saga, Volume 6 (Saga (Collected Editions) #6)",,
,,,,"Rat Queens, Vol. 3: Demons (Rat Queens (Collected Editions) #11-15)",,
,,,,Security,,
,,,,The Activist's Tao Te Ching: Ancient Advice for a Modern Revolution,,
,,,,Spark Joy: An Illustrated Master Class on the Art of Organizing and Tidying Up,,
,,,,Throwing Rocks at the Google Bus: How Growth Became the Enemy of Prosperity,,
,,,,Unicorn Tracks,,
,,,,The Art Forger,,
,,,,Soul Reader,,
,,,,In the Country We Love: My Family Divided,,
,,,,Join,,
,,,,The Age of Genius: The Seventeenth Century and the Birth of the Modern Mind,,
,,,,Lumberjanes Vol. 3: A Terrible Plan (Lumberjanes #9-12),,
,,,,"Lumberjanes, Vol. 1: Beware the Kitten Holy (Lumberjanes #1-4)",,
,,,,"Mama Tried: Traditional Italian Cooking for the Screwed, Crude, Vegan, and Tattooed",,
,,,,"Layered: Baking, Building, and Styling Spectacular Cakes",,
,,,,The Death of Humanity: and the Case for Life,,
,,,,"Unbound: How Eight Technologies Made Us Human, Transformed Society, and Brought Our World to the Brink",,
,,,,Judo: Seven Steps to Black Belt (an Introductory Guide for Beginners),,
,,,,"Avatar: The Last Airbender: Smoke and Shadow, Part 3 (Smoke and Shadow #3)",,
,,,,Obsidian (Lux #1),,
,,,,"Lumberjanes, Vol. 2: Friendship to the Max (Lumberjanes #5-8)",,
,,,,"The Bulletproof Diet: Lose up to a Pound a Day, Reclaim Energy and Focus, Upgrade Your Life",,
,,,,"Bitch Planet, Vol. 1: Extraordinary Machine (Bitch Planet (Collected Editions))",,
,,,,Camp Midnight,,
,,,,Burning,,
,,,,Danganronpa Volume 1,,
,,,,My Paris Kitchen: Recipes and Stories,,
,,,,"Codename Baboushka, Volume 1: The Conclave of Death",,
,,,,Everydata: The Misinformation Hidden in the Little Data You Consume Every Day,,
,,,,Fifty Shades Darker (Fifty Shades #2),,
,,,,Bossypants,,
,,,,Call the Nurse: True Stories of a Country Nurse on a Scottish Isle,,
,,,,The Third Wave: An Entrepreneur’s Vision of the Future,,
,,,,The Stranger,,
,,,,"Don't Be a Jerk: And Other Practical Advice from Dogen, Japan's Greatest Zen Master",,
,,,,The White Cat and the Monk: A Retelling of the Poem “Pangur Bán”,,
,,,,Thirteen Reasons Why,,
,,,,Throne of Glass (Throne of Glass #1),,
,,,,Tracing Numbers on a Train,,
,,,,The Vacationers,,
,,,,The Wedding Dress,,
,,,,Tuesday Nights in 1980,,
,,,,Thomas Jefferson and the Tripoli Pirates: The Forgotten War That Changed American History,,
,,,,You Are What You Love: The Spiritual Power of Habit,,
,,,,A Fierce and Subtle Poison,,
,,,,A Flight of Arrows (The Pathfinders #2),,
,,,,"William Shakespeare's Star Wars: Verily, A New Hope (William Shakespeare's Star Wars #4)",,
,,,,Masks and Shadows,,
,,,,On a Midnight Clear,,
,,,,A Court of Thorns and Roses (A Court of Thorns and Roses #1),,
,,,,The Cookies & Cups Cookbook: 125+ sweet & savory recipes reminding you to Always Eat Dessert First,,
,,,,The Emerald Mystery,,
,,,,The Kite Runner,,
,,,,(Un)Qualified: How God Uses Broken People to Do Big Things,,
,,,,The House by the Lake,,
,,,,The Matchmaker's Playbook (Wingmen Inc. #1),,
,,,,The Mistake (Off-Campus #2),,
,,,,The Murder of Roger Ackroyd (Hercule Poirot #4),,
,,,,The Omnivore's Dilemma: A Natural History of Four Meals,,
,,,,The Nerdy Nummies Cookbook: Sweet Treats for the Geek in All of Us,,
,,,,The Long Shadow of Small Ghosts: Murder and Memory in an American City,,
,,,,The Girl on the Train,,
,,,,The Glittering Court (The Glittering Court #1),,
,,,,The Project,,
,,,,The Psychopath Test: A Journey Through the Madness Industry,,
,,,,The Secret (The Secret #1),,
,,,,The Genius of Birds,,
,,,,Mrs. Houdini,,
,,,,Poems That Make Grown Women Cry,,
,,,,"Nightingale, Sing",,
,,,,Poses for Artists Volume 1 - Dynamic and Sitting Poses: An Essential Reference for Figure Drawing and the Human Form,,
,,,,Romero and Juliet: A Tragic Tale of Love and Zombies,,
,,,,Night Sky with Exit Wounds,,
,,,,The Love and Lemons Cookbook: An Apple-to-Zucchini Celebration of Impromptu Cooking,,
,,,,Secrets and Lace (Fatal Hearts #1),,
,,,,So You've Been Publicly Shamed,,
,,,,Shoe Dog: A Memoir by the Creator of NIKE,,
,,,,Soft Apocalypse,,
,,,,Scarlett Epstein Hates It Here,,
,,,,Suddenly in Love (Lake Haven #1),,
,,,,Something More Than This,,
,,,,Doing It Over (Most Likely To #1),,
,,,,"Shobu Samurai, Project Aryoku (#3)",,
,,,,"Deliciously Ella Every Day: Quick and Easy Recipes for Gluten-Free Snacks, Packed Lunches, and Simple Meals",,
,,,,Done Rubbed Out (Reightman & Bailey #1),,
,,,,Redeeming Love,,
,,,,"Fables, Vol. 1: Legends in Exile (Fables #1)",,
,,,,The 10% Entrepreneur: Live Your Startup Dream Without Quitting Your Day Job,,
,,,,Finders Keepers (Bill Hodges Trilogy #2),,
,,,,First Steps for New Christians (Print Edition),,
,,,,Drive: The Surprising Truth About What Motivates Us,,
,,,,Frostbite (Vampire Academy #2),,
,,,,Why the Right Went Wrong: Conservatism--From Goldwater to the Tea Party and Beyond,,
,,,,Wild Swans,,
,,,,You (You #1),,
,,,,Eureka Trivia 6.0,,
,,,,Zealot: The Life and Times of Jesus of Nazareth,,
,,,,Agnostic: A Spirited Manifesto,,
,,,,Amid the Chaos,,
,,,,Amatus,,
,,,,Ayumi's Violin,,
,,,,Batman: The Dark Knight Returns (Batman),,
,,,,Batman: The Long Halloween (Batman),,
,,,,Anonymous,,
,,,,Beauty Restored (Riley Family Legacy Novellas #3),,
,,,,Big Magic: Creative Living Beyond Fear,,
,,,,Chasing Heaven: What Dying Taught Me About Living,,
,,,,Amy Meets the Saints and Sages,,
,,,,Close to You,,
,,,,The Song of Achilles,,
,,,,The Songs of the Gods,,
,,,,The Star-Touched Queen,,
,,,,The Testament of Mary,,
,,,,The Time Keeper,,
,,,,The Wedding Pact (The O'Malleys #2),,
,,,,The White Queen (The Cousins' War #1),,
,,,,The Wright Brothers,,
,,,,The Year of Magical Thinking,,
,,,,Take Me with You,,
,,,,Tastes Like Fear (DI Marnie Rome #3),,
,,,,That Darkness (Gardiner and Renner #1),,
,,,,The 14th Colony (Cotton Malone #11),,
,,,,The Bad-Ass Librarians of Timbuktu: And Their Race to Save the World’s Most Precious Manuscripts,,
,,,,The Bane Chronicles (The Bane Chronicles #1-11),,
,,,,The Dovekeepers,,
,,,,No Dream Is Too High: Life Lessons From a Man Who Walked on the Moon,,
,,,,Old School (Diary of a Wimpy Kid #10),,
,,,,Once Was a Time,,
,,,,"Naruto (3-in-1 Edition), Vol. 14: Includes Vols. 40, 41 & 42 (Naruto: Omnibus #14)",,
,,,,Pet Sematary,,
,,,,Rain Fish,,
,,,,"Red Hood/Arsenal, Vol. 1: Open for Business (Red Hood/Arsenal #1)",,
,,,,"Quarter Life Poetry: Poems for the Young, Broke and Hangry",,
,,,,"Hush, Hush (Hush, Hush #1)",,
,,,,"Hyperbole and a Half: Unfortunate Situations, Flawed Coping Mechanisms, Mayhem, and Other Things That Happened",,
,,,,I Am Pilgrim (Pilgrim #1),,
,,,,I Know What I'm Doing -- and Other Lies I Tell Myself: Dispatches from a Life Under Construction,,
,,,,Island of Dragons (Unwanteds #7),,
,,,,"Overload: How to Unplug, Unwind, and Unleash Yourself from the Pressure of Stress",,
,,,,Lady Midnight (The Dark Artifices #1),,
,,,,Let It Out: A Journey Through Journaling,,
,,,,Looking for Lovely: Collecting the Moments that Matter,,
,,,,"It's All Easy: Healthy, Delicious Weeknight Meals in under 30 Minutes",,
,,,,Love Is a Mix Tape (Music #1),,
,,,,Lowriders to the Center of the Earth (Lowriders in Space #2),,
,,,,"Living Leadership by Insight: A Good Leader Achieves, a Great Leader Builds Monuments",,
,,,,More Than Music (Chasing the Dream #1),,
,,,,Made to Stick: Why Some Ideas Survive and Others Die,,
,,,,Luckiest Girl Alive,,
,,,,Mr. Mercedes (Bill Hodges Trilogy #1),,
,,,,Luis Paints the World,,
,,,,Robin War,,
,,,,My Kind of Crazy,,
,,,,salt.,,
,,,,My Name Is Lucy Barton,,
,,,,My Mrs. Brown,,
,,,,See America: A Celebration of Our National Parks & Treasured Sites,,
,,,,Cometh the Hour (The Clifton Chronicles #6),,
,,,,Crazy Love: Overwhelmed by a Relentless God,,
,,,,Dear Mr. Knightley,,
,,,,Doctor Sleep (The Shining #2),,
,,,,Don't Get Caught,,
,,,,"Eat Fat, Get Thin",,
,,,,The First Hostage (J.B. Collins #2),,
,,,,Demigods & Magicians: Percy and Annabeth Meet the Kanes (Percy Jackson & Kane Chronicles Crossover #1-3),,
,,,,"Eaternity: More than 150 Deliciously Easy Vegan Recipes for a Long, Healthy, Satisfied, Joyful Life",,
,,,,El Deafo,,
,,,,Eligible (The Austen Project #4),,
,,,,"Far & Away: Places on the Brink of Change: Seven Continents, Twenty-Five Years",,
,,,,Feathers: Displays of Brilliant Plumage,,
,,,,God: The Most Unpleasant Character in All Fiction,,
,,,,Greek Mythic History,,
,,,,Every Last Word,,
,,,,Angels & Demons (Robert Langdon #1),,
,,,,Angels Walking (Angels Walking #1),,
,,,,Aristotle and Dante Discover the Secrets of the Universe (Aristotle and Dante Discover the Secrets of the Universe #1),,
,,,,Balloon Animals,,
,,,,Art Ops Vol. 1,,
,,,,Barefoot Contessa at Home: Everyday Recipes You'll Make Over and Over Again,,
,,,,Eight Hundred Grapes,,
,,,,Batman: Europa,,
,,,,Barefoot Contessa Back to Basics,,
,,,,Carrie,,
,,,,"Carry On, Warrior: Thoughts on Life Unarmed",,
,,,,Buying In: The Secret Dialogue Between What We Buy and Who We Are,,
,,,,Catching Jordan (Hundred Oaks),,
,,,,City of Ashes (The Mortal Instruments #2),,
,,,,Cell,,
,,,,City of Bones (The Mortal Instruments #1),,
,,,,City of Glass (The Mortal Instruments #3),,
,,,,City of Fallen Angels (The Mortal Instruments #4),,
,,,,Clockwork Angel (The Infernal Devices #1),,
,,,,Code Name Verity (Code Name Verity #1),,
,,,,Hold Your Breath (Search and Rescue #1),,
,,,,Hamilton: The Revolution,,
,,,,Shtum,,
,,,,"So Cute It Hurts!!, Vol. 6 (So Cute It Hurts!! #6)",,
,,,,Brain on Fire: My Month of Madness,,
,,,,Steve Jobs,,
,,,,Sorting the Beef from the Bull: The Science of Food Fraud Forensics,,
,,,,Still Life with Bread Crumbs,,
,,,,Swell: A Year of Waves,,
,,,,Superman Vol. 1: Before Truth (Superman by Gene Luen Yang #1),,
,,,,Someone Like You (The Harrisons #2),,
,,,,The Guilty (Will Robie #4),,
,,,,The Hidden Oracle (The Trials of Apollo #1),,
,,,,The Last Mile (Amos Decker #2),,
,,,,The Literature Book (Big Ideas Simply Explained),,
,,,,The Loney,,
,,,,The Immortal Life of Henrietta Lacks,,
,,,,The Lucifer Effect: Understanding How Good People Turn Evil,,
,,,,The Long Haul (Diary of a Wimpy Kid #9),,
,,,,The Power of Habit: Why We Do What We Do in Life and Business,,
,,,,Through the Woods,,
,,,,The Help Yourself Cookbook for Kids: 60 Easy Plant-Based Recipes Kids Can Make to Stay Healthy and Save the Earth,,
,,,,Twenty Yawns,,
,,,,This Is Where It Ends,,
,,,,V for Vendetta (V for Vendetta Complete),,
,,,,"Unbroken: A World War II Story of Survival, Resilience, and Redemption",,
,,,,Walt Disney's Alice in Wonderland,,
,,,,Until Friday Night (The Field Party #1),,
,,,,What's It Like in Space?: Stories from Astronauts Who've Been There,,
,,,,Whole Lotta Creativity Going On: 60 Fun and Unusual Exercises to Awaken and Strengthen Your Creativity,,
,,,,"We Are Robin, Vol. 1: The Vigilante Business (We Are Robin #1)",,
,,,,Dark Notes,,
,,,,Grumbles,,
,,,,Hollow City (Miss Peregrine’s Peculiar Children #2),,
,,,,Full Moon over Noah’s Ark: An Odyssey to Mount Ararat and Beyond,,
,,,,Large Print Heart of the Pride,,
,,,,I Had a Nice Time And Other Lies...: How to find love & sh*t like that,,
,,,,The Marriage of Opposites,,
,,,,Louisa: The Extraordinary Life of Mrs. Adams,,
,,,,"Daring Greatly: How the Courage to Be Vulnerable Transforms the Way We Live, Love, Parent, and Lead",,
,,,,Library of Souls (Miss Peregrine’s Peculiar Children #3),,
,,,,Miss Peregrine’s Home for Peculiar Children (Miss Peregrine’s Peculiar Children #1),,
,,,,Modern Romance,,
,,,,The Art of War,,
,,,,The Shadow Hero (The Shadow Hero),,
,,,,A Murder in Time,,
,,,,"A Piece of Sky, a Grain of Rice: A Memoir in Four Meditations",,
,,,,The Argonauts,,
,,,,The Bridge to Consciousness: I'm Writing the Bridge Between Science and Our Old and New Beliefs.,,
,,,,First and First (Five Boroughs #3),,
,,,,Little Red,,
,,,,The Silent Sister (Riley MacPherson #1),,
,,,,Algorithms to Live By: The Computer Science of Human Decisions,,
,,,,The Artist's Way: A Spiritual Path to Higher Creativity,,
,,,,The Star-Touched Queen,,
,,,,Will You Won't You Want Me?,,
,,,,My Kitchen Year: 136 Recipes That Saved My Life,,
,,,,A World of Flavor: Your Gluten Free Passport,,
,,,,"The Three Searches, Meaning, and the Story",,
,,,,Rook,,
,,,,1491: New Revelations of the Americas Before Columbus,,
,,,,Searching for Meaning in Gailana,,
,,,,A Brush of Wings (Angels Walking #3),,
,,,,13 Hours: The Inside Account of What Really Happened In Benghazi,,
,,,,A Distant Mirror: The Calamitous 14th Century,,
,,,,A People's History of the United States,,
,,,,How to Speak Golf: An Illustrated Guide to Links Lingo,,
,,,,Most Wanted,,
,,,,Murder at the 42nd Street Library (Raymond Ambler #1),,
,,,,No Love Allowed (Dodge Cove #1),,
,,,,A Man Called Ove,,
,,,,"Love, Lies and Spies",,
,,,,One with You (Crossfire #5),,
,,,,Raspberry Pi Electronics Projects for the Evil Genius,,
,,,,Quench Your Own Thirst: Business Lessons Learned Over a Beer or Two,,
,,,,Snatched: How A Drug Queen Went Undercover for the DEA and Was Kidnapped By Colombian Guerillas,,
,,,,Poisonous (Max Revere Novels #3),,
,,,,The Children,,
,,,,The Dinner Party,,
,,,,The Diary of a Young Girl,,
,,,,The Epidemic (The Program 0.6),,
,,,,Stars Above (The Lunar Chronicles #4.5),,
,,,,The Golden Condom: And Other Essays on Love Lost and Found,,
,,,,Playing with Fire,,
,,,,Off the Hook (Fishing for Trouble #1),,
,,,,Sleeping Giants (Themis Files #1),,
,,,,The Gray Rhino: How to Recognize and Act on the Obvious Dangers We Ignore,,
,,,,"Setting the World on Fire: The Brief, Astonishing Life of St. Catherine of Siena",,
,,,,The Improbability of Love,,
,,,,"The Sleep Revolution: Transforming Your Life, One Night at a Time",,
,,,,The Art of Startup Fundraising,,
,,,,Take Me Home Tonight (Rock Star Romance #3),,
,,,,The Widow,,
,,,,10-Day Green Smoothie Cleanse: Lose Up to 15 Pounds in 10 Days!,,
,,,,"10% Happier: How I Tamed the Voice in My Head, Reduced Stress Without Losing My Edge, and Found Self-Help That Actually Works",,
,,,,11/22/63,,
,,,,Troublemaker: Surviving Hollywood and Scientology,,
,,,,A Gentleman's Position (Society of Gentlemen #3),,
,,,,A Mother's Reckoning: Living in the Aftermath of Tragedy,,
,,,,Adultery,,
,,,,Born for This: How to Find the Work You Were Meant to Do,,
,,,,Daredevils,,
,,,,Cravings: Recipes for What You Want to Eat,,
,,,,Grey (Fifty Shades #4),,
,,,,It Didn't Start with You: How Inherited Family Trauma Shapes Who We Are and How to End the Cycle,,
,,,,"Exit, Pursued by a Bear",,
,,,,Keep Me Posted,,
,,,,Lab Girl,,
,,,,Lies and Other Acts of Love,,
,,,,M Train,,
,,,,Don't Forget Steven,,
,,,,Lilac Girls,,
,,,,Arena,,
,,,,"Fruits Basket, Vol. 9 (Fruits Basket #9)",,
,,,,If I Gave You God's Phone Number....: Searching for Spirituality in America,,
,,,,"NaNo What Now? Finding your editing process, revising your NaNoWriMo book and building a writing career through publishing and beyond",,
,,,,Nap-a-Roo,,
,,,,Modern Day Fables,,
,,,,Suzie Snowflake: One beautiful flake (a self-esteem story),,
,,,,Shadows of the Past (Logan Point #1),,
,,,,Silence in the Dark (Logan Point #4),,
,,,,The Alien Club,,
,,,,South of Sunshine,,
,,,,Dress Your Family in Corduroy and Denim,,
,,,,Smarter Faster Better: The Secrets of Being Productive in Life and Business,,
,,,,The Grownup,,
,,,,The High Mountains of Portugal,,
,,,,The New Drawing on the Right Side of the Brain,,
,,,,The E-Myth Revisited: Why Most Small Businesses Don't Work and What to Do About It,,
,,,,The Unlikely Pilgrimage of Harold Fry (Harold Fry #1),,
,,,,Howl and Other Poems,,
,,,,History of Beauty,,
,,,,Hystopia: A Novel,,
,,,,The Martian (The Martian #1),,
,,,,I'll Give You the Sun,,
,,,,Kierkegaard: A Christian Missionary to Christians,,
,,,,"The Midnight Assassin: Panic, Scandal, and the Hunt for America's First Serial Killer",,
,,,,John Vassos: Industrial Design for Modern Life,,
,,,,The Whale,,
,,,,The Year of Living Biblically: One Man's Humble Quest to Follow the Bible as Literally as Possible,,
,,,,Left Behind (Left Behind #1),,
,,,,I Will Find You,,
,,,,Unreasonable Hope: Finding Faith in the God Who Brings Purpose to Your Pain,,
,,,,Toddlers Are A**holes: It's Not Your Fault,,
,,,,What Happened on Beale Street (Secrets of the South Mysteries #2),,
,,,,Under the Tuscan Sun,,
,,,,Kill 'Em and Leave: Searching for James Brown and the American Soul,,
,,,,Wildlife of New York: A Five-Borough Coloring Book,,
,,,,Playing from the Heart,,
,,,,"""Most Blessed of the Patriarchs"": Thomas Jefferson and the Empire of the Imagination",,
,,,,You Are a Badass: How to Stop Doubting Your Greatness and Start Living an Awesome Life,,
,,,,Sister Dear,,
,,,,"Rich Dad, Poor Dad",,
,,,,"Shrunken Treasures: Literary Classics, Short, Sweet, and Silly",,
,,,,"Sit, Stay, Love",,
,,,,Steal Like an Artist: 10 Things Nobody Told You About Being Creative,,
,,,,Team of Rivals: The Political Genius of Abraham Lincoln,,
,,,,The Bachelor Girl's Guide to Murder (Herringford and Watts Mysteries #1),,
,,,,The Art Book,,
,,,,Raymie Nightingale,,
,,,,The 7 Habits of Highly Effective People: Powerful Lessons in Personal Change,,
,,,,The Bourne Identity (Jason Bourne #1),,
,,,,"Chronicles, Vol. 1",,
,,,,Counted With the Stars (Out from Egypt #1),,
,,,,Delivering the Truth (Quaker Midwife Mystery #1),,
,,,,Finding God in the Ruins: How God Redeems Pain,,
,,,,For the Love: Fighting for Grace in a World of Impossible Standards,,
,,,,"Fruits Basket, Vol. 7 (Fruits Basket #7)",,
,,,,Every Heart a Doorway (Every Heart A Doorway #1),,
,,,,How to Be a Domestic Goddess: Baking and the Art of Comfort Cooking,,
,,,,The Constant Princess (The Tudor Court #1),,
,,,,Good in Bed (Cannie Shapiro #1),,
,,,,King's Folly (The Kinsman Chronicles #1),,
,,,,How to Cook Everything Vegetarian: Simple Meatless Recipes for Great Food (How to Cook Everything),,
,,,,Leave This Song Behind: Teen Poetry at Its Best,,
,,,,The Collected Poems of W.B. Yeats (The Collected Works of W.B. Yeats #1),,
,,,,The Fellowship of the Ring (The Lord of the Rings #1),,
,,,,John Adams,,
,,,,The God Delusion,,
,,,,The Golden Compass (His Dark Materials #1),,
,,,,The Girl You Left Behind (The Girl You Left Behind #1),,
,,,,The Great Railway Bazaar,,
,,,,The Invention of Wings,,
,,,,The Joy of Cooking,,
,,,,The Makings of a Fatherless Child,,
,,,,The Man Who Mistook His Wife for a Hat and Other Clinical Tales,,
,,,,The Hobbit (Middle-Earth Universe),,
,,,,The Mysterious Affair at Styles (Hercule Poirot #1),,
,,,,The Rise and Fall of the Third Reich: A History of Nazi Germany,,
,,,,The Sound Of Love,,
,,,,The Perks of Being a Wallflower,,
,,,,A Short History of Nearly Everything,,
,,,,A Gathering of Shadows (Shades of Magic #2),,
,,,,A Summer In Europe,,
,,,,"At The Existentialist Café: Freedom, Being, and apricot cocktails with: Jean-Paul Sartre, Simone de Beauvoir, Albert Camus, Martin Heidegger, Edmund Husserl, Karl Jaspers, Maurice Merleau-Ponty and others",,
,,,,Like Never Before (Walker Family #2),,
,,,,Life of Pi,,
,,,,Memoirs of a Geisha,,
,,,,Benjamin Franklin: An American Life,,
,,,,Meternity,,
,,,,"Naturally Lean: 125 Nourishing Gluten-Free, Plant-Based Recipes--All Under 300 Calories",,
,,,,Nightstruck: A Novel,,
,,,,The Faith of Christopher Hitchens: The Restless Soul of the World's Most Notorious Atheist,,
,,,,The Drowning Girls,,
,,,,An Unquiet Mind: A Memoir of Moods and Madness,,
,,,,Better Homes and Gardens New Cook Book,,
,,,,"Death Note, Vol. 6: Give-and-Take (Death Note #6)",,
,,,,Deception Point,,
,,,,"Fruits Basket, Vol. 6 (Fruits Basket #6)",,
,,,,Fun Home: A Family Tragicomic,,
,,,,"Girl, Interrupted",,
,,,,Catherine the Great: Portrait of a Woman,,
,,,,Give It Back,,
,,,,In Cold Blood,,
,,,,How to Stop Worrying and Start Living,,
,,,,The Expatriates,,
,,,,The False Prince (The Ascendance Trilogy #1),,
,,,,The Fault in Our Stars,,
,,,,The Firm,,
,,,,The Grand Design,,
,,,,The Hiding Place,,
,,,,The Little Paris Bookshop,,
,,,,The Mathews Men: Seven Brothers and the War Against Hitler's U-boats,,
,,,,A Year in Provence (Provence #1),,
,,,,The Metamorphosis,,
,,,,The Raven Boys (The Raven Cycle #1),,
,,,,The Power Greens Cookbook: 140 Delicious Superfood Recipes,,
,,,,The Secret Garden,,
,,,,The Raven King (The Raven Cycle #4),,
,,,,Two Summers,,
,,,,This Is Your Brain on Music: The Science of a Human Obsession,,
,,,,Where She Went (If I Stay #2),,
,,,,Why Save the Bankers?: And Other Essays on Our Economic and Political Crisis,,
,,,,What If?: Serious Scientific Answers to Absurd Hypothetical Questions,,
,,,,World Without End (The Pillars of the Earth #2),,
,,,,"Will Grayson, Will Grayson (Will Grayson, Will Grayson)",,
,,,,In the Woods (Dublin Murder Squad #1),,
,,,,Mere Christianity,,
,,,,Me Before You (Me Before You #1),,
,,,,Musicophilia: Tales of Music and the Brain,,
,,,,Pride and Prejudice,,
,,,,Ship Leaves Harbor: Essays on Travel by a Recovering Journeyman,,
,,,,Tell the Wolves I'm Home,,
,,,,The Glass Castle,,
,,,,Blue Like Jazz: Nonreligious Thoughts on Christian Spirituality,,
,,,,The Great Gatsby,,
,,,,The Story of Art,,
,,,,The Origin of Species,,
,,,,32 Yolks,,
,,,,Being Mortal: Medicine and What Matters in the End,,
,,,,Between the World and Me,,
,,,,Brazen: The Courage to Find the You That's Been Hiding,,
,,,,Brilliant Beacons: A History of the American Lighthouse,,
,,,,Death by Leisure: A Cautionary Tale,,
,,,,Ender's Game (The Ender Quintet #1),,
,,,,The Barefoot Contessa Cookbook,,
,,,,Heaven is for Real: A Little Boy's Astounding Story of His Trip to Heaven and Back,,
,,,,Diary of a Citizen Scientist: Chasing Tiger Beetles and Other New Ways of Engaging the World,,
,,,,Future Shock (Future Shock #1),,
,,,,Les Fleurs du Mal,,
,,,,Living Forward: A Proven Plan to Stop Drifting and Get the Life You Want,,
,,,,"A Murder Over a Girl: Justice, Gender, Junior High",,
,,,,Miller's Valley,,
,,,,Out of Print: City Lights Spotlight No. 14,,
,,,,My Life Next Door (My Life Next Door ),,
,,,,Proofs of God: Classical Arguments from Tertullian to Barth,,
,,,,Please Kill Me: The Uncensored Oral History of Punk,,
,,,,Rising Strong,,
,,,,Roller Girl,,
,,,,Vagabonding: An Uncommon Guide to the Art of Long-Term World Travel,,
,,,,Man's Search for Meaning,,
,,,,"Love That Boy: What Two Presidents, Eight Road Trips, and My Son Taught Me About a Parent's Expectations",,
,,,,"Zero to One: Notes on Startups, or How to Build the Future",,
,,,,A Hero's Curse (The Unseen Chronicles #1),,
,,,,A Shard of Ice (The Black Symphony Saga #1),,
,,,,23 Degrees South: A Tropical Tale of Changing Whether...,,
,,,,Chernobyl 01:23:40: The Incredible True Story of the World's Worst Nuclear Disaster,,
,,,,Why Not Me?,,
,,,,The Art and Science of Low Carbohydrate Living,,
,,,,The Book of Mormon,,
,,,,The Flowers Lied,,
,,,,Art and Fear: Observations on the Perils (and Rewards) of Artmaking,,
,,,,"The Fabric of the Cosmos: Space, Time, and the Texture of Reality",,
,,,,The New Brand You: Your New Image Makes the Sale for You,,
,,,,Underlying Notes,,
,,,,"The Moosewood Cookbook: Recipes from Moosewood Restaurant, Ithaca, New York",,
,,,,Unlimited Intuition Now,,
,,,,"Mother, Can You Not?",,
,,,,Without Shame,,
,,,,Mothering Sunday,,
,,,,A Paris Apartment,,
,,,,"A la Mode: 120 Recipes in 60 Pairings: Pies, Tarts, Cakes, Crisps, and More Topped with Ice Cream, Gelato, Frozen Custard, and More",,
,,,,Can You Keep a Secret? (Fear Street Relaunch #4),,
,,,,Boar Island (Anna Pigeon #19),,
,,,,Dirty (Dive Bar #1),,
,,,,Everyday Italian: 125 Simple and Delicious Recipes,,
,,,,Furiously Happy: A Funny Book About Horrible Things,,
,,,,Equal Is Unfair: America's Misguided Fight Against Income Inequality,,
,,,,Hide Away (Eve Duncan #20),,
,,,,Watchmen,,
,,,,The Midnight Watch: A Novel of the Titanic and the Californian,,
,,,,A Study in Scarlet (Sherlock Holmes #1),,
,,,,A Time of Torment (Charlie Parker #14),,
,,,,The Lonely City: Adventures in the Art of Being Alone,,
,,,,Abstract City,,
,,,,"A Series of Catastrophes and Miracles: A True Story of Love, Science, and Cancer",,
,,,,"Adulthood Is a Myth: A ""Sarah's Scribbles"" Collection",,
,,,,The Shack,,
,,,,"Giant Days, Vol. 2 (Giant Days #5-8)",,
,,,,All the Light We Cannot See,,
,,,,Her Backup Boyfriend (The Sorensen Family #1),,
,,,,I am a Hero Omnibus Volume 1,,
,,,,"I Hate Fairyland, Vol. 1: Madly Ever After (I Hate Fairyland (Compilations) #1-5)",,
,,,,Immunity: How Elie Metchnikoff Changed the Course of Modern Medicine,,
,,,,Online Marketing for Busy Authors: A Step-By-Step Guide,,
,,,,How to Be Miserable: 40 Strategies You Already Use,,
,,,,"Outcast, Vol. 1: A Darkness Surrounds Him (Outcast #1)",,
,,,,Eleanor & Park,,
,,,,Patience,,
,,,,"Political Suicide: Missteps, Peccadilloes, Bad Calls, Backroom Hijinx, Sordid Pasts, Rotten Breaks, and Just Plain Dumb Mistakes in the Annals of American Politics",,
,,,,Princess Between Worlds (Wide-Awake Princess #5),,
,,,,"Pop Gun War, Volume 1: Gift",,
,,,,The Gutsy Girl: Escapades for Your Life of Epic Adventure,,
,,,,"Princess Jellyfish 2-in-1 Omnibus, Vol. 01 (Princess Jellyfish 2-in-1 Omnibus #1)",,
,,,,The Life-Changing Magic of Tidying Up: The Japanese Art of Decluttering and Organizing,,
,,,,orange: The Complete Collection 1 (orange: The Complete Collection #1),,
,,,,The Most Perfect Thing: Inside (and Outside) a Bird's Egg,,
,,,,The Murder That Never Was (Forensic Instincts #5),,
,,,,Forever and Forever: The Courtship of Henry Longfellow and Fanny Appleton,,
,,,,"The Inefficiency Assassin: Time Management Tactics for Working Smarter, Not Longer",,
,,,,The Nameless City (The Nameless City #1),,
,,,,"Unseen City: The Majesty of Pigeons, the Discreet Charm of Snails & Other Wonders of the Urban Wilderness",,
,,,,When We Collided,,
,,,,"The Mindfulness and Acceptance Workbook for Anxiety: A Guide to Breaking Free from Anxiety, Phobias, and Worry Using Acceptance and Commitment Therapy",,
,,,,Untitled Collection: Sabbath Poems 2014,,
,,,,Tipping Point for Planet Earth: How Close Are We to the Edge?,,
,,,,"We Love You, Charlie Freeman",,
,,,,Psycho: Sanitarium (Psycho #1.5),,
,,,,Without Borders (Wanderlove #1),,
,,,,Glory over Everything: Beyond The Kitchen House,,
,,,,The Rosie Project (Don Tillman #1),,
,,,,The Darkest Lie,,
,,,,"Wonder Woman: Earth One, Volume One (Wonder Woman: Earth One #1)",,
,,,,Becoming Wise: An Inquiry into the Mystery and Art of Living,,
,,,,The Regional Office Is Under Attack!,,
,,,,The Power of Now: A Guide to Spiritual Enlightenment,,
,,,,Crown of Midnight (Throne of Glass #2),,
,,,,The Electric Pencil: Drawings from Inside State Hospital No. 3,,
,,,,Follow You Home,,
,,,,The Crossover,,
,,,,Siddhartha,,
,,,,Talking to Girls About Duran Duran: One Young Man's Quest for True Love and a Cooler Haircut,,
,,,,The Dream Thieves (The Raven Cycle #2),,
,,,,Tell the Wind and Fire,,
,,,,The 5th Wave (The 5th Wave #1),,
,,,,Shiver (The Wolves of Mercy Falls #1),,
,,,,Killing Floor (Jack Reacher #1),,
,,,,Tell Me Three Things,,
,,,,Last One Home (New Beginnings #1),,
,,,,The Darkest Corners,,
,,,,Kill the Boy Band,,
,,,,Logan Kade (Fallen Crest High #5.5),,
,,,,Maybe Something Beautiful: How Art Transformed a Neighborhood,,
,,,,My Mother Was Nuts,,
,,,,Mexican Today: New and Rediscovered Recipes for Contemporary Kitchens,,
,,,,Peak: Secrets from the New Science of Expertise,,
,,,,Lola and the Boy Next Door (Anna and the French Kiss #2),,
,,,,Red Dragon (Hannibal Lecter #1),,
,,,,Remember Me?,,
,,,,"Fruits Basket, Vol. 5 (Fruits Basket #5)",,
,,,,Harry Potter and the Deathly Hallows (Harry Potter #7),,
,,,,If I Stay (If I Stay #1),,
,,,,Foundation (Foundation (Publication Order) #1),,
,,,,America's War for the Greater Middle East: A Military History,,
,,,,Approval Junkie: Adventures in Caring Too Much,,
,,,,An Abundance of Katherines,,
,,,,I Know Why the Caged Bird Sings (Maya Angelou's Autobiography #1),,
,,,,Isla and the Happily Ever After (Anna and the French Kiss #3),,
,,,,"Data, A Love Story: How I Gamed Online Dating to Meet My Match",,
,,,,"Blue Lily, Lily Blue (The Raven Cycle #3)",,
,,,,Booked,,
,,,,Digital Fortress,,
,,,,Drama,,
,,,,Dracula the Un-Dead,,
,,,,Find Her (Detective D.D. Warren #8),,
,,,,Fool Me Once,,
,,,,Evicted: Poverty and Profit in the American City,,
,,,,"Death Note, Vol. 5: Whiteout (Death Note #5)",,
,,,,Critique of Pure Reason,,
,,,,The Shining (The Shining #1),,
,,,,A Feast for Crows (A Song of Ice and Fire #4),,
,,,,A Clash of Kings (A Song of Ice and Fire #2),,
,,,,Alight (The Generations Trilogy #2),,
,,,,Vogue Colors A to Z: A Fashion Coloring Book,,
,,,,"The Demon Prince of Momochi House, Vol. 4 (The Demon Prince of Momochi House #4)",,
,,,,Some Women,,
,,,,A Game of Thrones (A Song of Ice and Fire #1),,
,,,,The Demonists (Demonist #1),,
,,,,The Hound of the Baskervilles (Sherlock Holmes #5),,
,,,,The Bone Hunters (Lexy Vaughan & Steven Macaulay #2),,
,,,,A Girl's Guide to Moving On (New Beginnings #2),,
,,,,The Beast (Black Dagger Brotherhood #14),,
,,,,The Hunger Games (The Hunger Games #1),,
,,,,Girl With a Pearl Earring,,
,,,,God Is Not Great: How Religion Poisons Everything,,
,,,,Gone with the Wind,,
,,,,"Fruits Basket, Vol. 4 (Fruits Basket #4)",,
,,,,Harry Potter and the Order of the Phoenix (Harry Potter #5),,
,,,,The Gunning of America: Business and the Making of American Gun Culture,,
,,,,Harry Potter and the Prisoner of Azkaban (Harry Potter #3),,
,,,,Harry Potter and the Half-Blood Prince (Harry Potter #6),,
,,,,It,,
,,,,Little Women (Little Women #1),,
,,,,Mockingjay (The Hunger Games #3),,
,,,,The Geography of Bliss: One Grump's Search for the Happiest Places in the World,,
,,,,Misery,,
,,,,Needful Things,,
,,,,We Are All Completely Beside Ourselves,,
,,,,We the People: The Modern-Day Figures Who Have Reshaped and Affirmed the Founding Fathers' Vision of America,,
,,,,Harry Potter and the Chamber of Secrets (Harry Potter #2),,
,,,,"Where'd You Go, Bernadette",,
,,,,Night Shift (Night Shift #1-20),,
,,,,Wild: From Lost to Found on the Pacific Crest Trail,,
,,,,The Jazz of Physics: The Secret Link Between Music and the Structure of the Universe,,
,,,,'Salem's Lot,,
,,,,When You Are Engulfed in Flames,,
,,,,Wuthering Heights,,
,,,,World War Z: An Oral History of the Zombie War,,
,,,,"A History of God: The 4,000-Year Quest of Judaism, Christianity, and Islam",,
,,,,Zero History (Blue Ant #3),,
,,,,The Stand,,
,,,,The Smitten Kitchen Cookbook,,
,,,,The Tipping Point: How Little Things Can Make a Big Difference,,
,,,,The Thing About Jellyfish,,
,,,,The Travelers,,
,,,,"Thinking, Fast and Slow",,
,,,,"The Wicked + The Divine, Vol. 3: Commercial Suicide (The Wicked + The Divine)",,
,,,,The Wild Robot,,
,,,,Twenties Girl,,
,,,,Two Boys Kissing,,
,,,,Harry Potter and the Sorcerer's Stone (Harry Potter #1),,
,,,,"Trespassing Across America: One Man's Epic, Never-Done-Before (and Sort of Illegal) Hike Across the Heartland",,
,,,,"Unstuffed: Decluttering Your Home, Mind, and Soul",,
,,,,Under the Banner of Heaven: A Story of Violent Faith,,
,,,,The Lover's Dictionary,,
,,,,The Maze Runner (The Maze Runner #1),,
,,,,Three-Martini Lunch,,
,,,,The Name of God is Mercy,,
,,,,The Lonely Ones,,
,,,,Twilight (Twilight #1),,
,,,,The New Guy (and Other Senior Year Distractions),,
,,,,The Obsession,,
,,,,The Nightingale,,
,,,,The Paris Wife,,
,,,,The Day the Crayons Came Home (Crayons),,
,,,,The Nanny Diaries (Nanny #1),,
,,,,"The Disappearing Spoon: And Other True Tales of Madness, Love, and the History of the World from the Periodic Table of the Elements",,
,,,,The Demon-Haunted World: Science as a Candle in the Dark,,
,,,,The Exiled,,
,,,,The Devil Wears Prada (The Devil Wears Prada #1),,
,,,,"The End of Faith: Religion, Terror, and the Future of Reason",,
,,,,The Girl with All the Gifts,,
,,,,The Giver (The Giver Quartet #1),,
,,,,The Guernsey Literary and Potato Peel Pie Society,,
,,,,The Guns of August,,
,,,,The Girl Who Kicked the Hornet's Nest (Millennium Trilogy #3),,
,,,,The Goldfinch,,
,,,,The Husband's Secret,,
,,,,The Girl Who Played with Fire (Millennium Trilogy #2),,
,,,,The Hitchhiker's Guide to the Galaxy (Hitchhiker's Guide to the Galaxy #1),,
,,,,The Last Painting of Sara de Vos,,
,,,,"The Land of 10,000 Madonnas",,
,,,,Soldier (Talon #3),,
,,,,Shopaholic & Baby (Shopaholic #5),,
,,,,Something Borrowed (Darcy & Rachel #1),,
,,,,Spilled Milk: Based on a True Story,,
,,,,Stiff: The Curious Lives of Human Cadavers,,
,,,,"Surely You're Joking, Mr. Feynman!: Adventures of a Curious Character",,
,,,,"The Elegant Universe: Superstrings, Hidden Dimensions, and the Quest for the Ultimate Theory",,
,,,,The Autobiography of Malcolm X,,
,,,,Something Blue (Darcy & Rachel #2),,
,,,,The Blind Side: Evolution of a Game,,
,,,,The Art of Fielding,,
,,,,The Case for Christ (Cases for Christianity),,
,,,,"The Art of Simple Food: Notes, Lessons, and Recipes from a Delicious Revolution",,
,,,,One for the Money (Stephanie Plum #1),,
,,,,The Book Thief,,
,,,,Outliers: The Story of Success,,
,,,,The Book of Basketball: The NBA According to The Sports Guy,,
,,,,Packing for Mars: The Curious Science of Life in the Void,,
,,,,Prodigy: The Graphic Novel (Legend: The Graphic Novel #2),,
,,,,Original Fake,,
,,,,Ready Player One,,
,,,,Quiet: The Power of Introverts in a World That Can't Stop Talking,,
,,,,Red: The True Story of Red Riding Hood,,
,,,,Lady Renegades (Rebel Belle #3),,
,,,,"Lamb: The Gospel According to Biff, Christ's Childhood Pal",,
,,,,Legend (Legend #1),,
,,,,Orange Is the New Black,,
,,,,Let's Pretend This Never Happened: A Mostly True Memoir,,
,,,,Letter to a Christian Nation,,
,,,,Life After Life,,
,,,,Life Without a Recipe,,
,,,,Lila (Gilead #3),,
,,,,"Life, the Universe and Everything (Hitchhiker's Guide to the Galaxy #3)",,
,,,,Manuscript Found in Accra,,
,,,,"Lean In: Women, Work, and the Will to Lead",,
,,,,Lust & Wonder,,
,,,,Persepolis: The Story of a Childhood (Persepolis #1-2),,
,,,,Gone Girl,,
,,,,Gratitude,,
,,,,Heir to the Sky,,
,,,,"Grayson, Vol 3: Nemesis (Grayson #3)",,
,,,,Horrible Bear!,,
,,,,House of Leaves,,
,,,,"House of Lost Worlds: Dinosaurs, Dynasties, and the Story of Life on Earth",,
,,,,Green Eggs and Ham (Beginner Books B-16),,
,,,,Crazy Rich Asians (Crazy Rich Asians #1),,
,,,,Holidays on Ice,,
,,,,Darkfever (Fever #1),,
,,,,"David and Goliath: Underdogs, Misfits, and the Art of Battling Giants",,
,,,,Dark Places,,
,,,,Dead Wake: The Last Crossing of the Lusitania,,
,,,,Counting Thyme,,
,,,,Do Androids Dream of Electric Sheep? (Blade Runner #1),,
,,,,Disrupted: My Misadventure in the Start-Up Bubble,,
,,,,Are We There Yet?,,
,,,,Cosmos,,
,,,,Ash,,
,,,,Beautiful Creatures (Caster Chronicles #1),,
,,,,Beowulf,,
,,,,Awkward,,
,,,,Are We Smart Enough to Know How Smart Animals Are?,,
,,,,Between Shades of Gray,,
,,,,Best of My Love (Fool's Gold #20),,
,,,,Big Little Lies,,
,,,,Black Flags: The Rise of ISIS,,
,,,,"Black Butler, Vol. 1 (Black Butler #1)",,
,,,,"Born to Run: A Hidden Tribe, Superathletes, and the Greatest Race the World Has Never Seen",,
,,,,Blink: The Power of Thinking Without Thinking,,
,,,,Breaking Dawn (Twilight #4),,
,,,,Brave Enough,,
,,,,Cinder (The Lunar Chronicles #1),,
,,,,Boy Meets Boy,,
,,,,Career of Evil (Cormoran Strike #3),,
,,,,Catastrophic Happiness: Finding Joy in Childhood's Messy Years,,
,,,,Dracula,,
,,,,Girl Online On Tour (Girl Online #2),,
,,,,H is for Hawk,,
,,,,Kindle Paperwhite User's Guide,,
,,,,Eclipse (Twilight #3),,
,,,,Life,,
,,,,"Run, Spot, Run: The Ethics of Keeping Pets",,
,,,,New Moon (Twilight #2),,
,,,,"Saga, Volume 2 (Saga (Collected Editions) #2)",,
,,,,Sugar Rush (Offensive Line #2),,
,,,,The Course of Love,,
,,,,Civilization and Its Discontents,,
,,,,The Selfish Gene,,
,,,,The Silent Wife,,
,,,,The Story of Hong Gildong,,
,,,,The Tumor,,
,,,,The Zombie Room,,
,,,,"The Wicked + The Divine, Vol. 1: The Faust Act (The Wicked + The Divine)",,
,,,,The Silent Twin (Detective Jennifer Knight #3),,
,,,,Travels with Charley: In Search of America,,
,,,,The Communist Manifesto,,
,,,,Dune (Dune #1),,
,,,,The Complete Maus (Maus #1-2),,
,,,,Three Wishes (River of Time: California #1),,
,,,,The Edge of Reason (Bridget Jones #2),,
,,,,The Girl You Lost,,
,,,,The Haters,,
,,,,The Girl In The Ice (DCI Erika Foster #1),,
,,,,The End of the Jesus Era (An Investigation #1),,
,,,,The Hook Up (Game On #1),,
,,,,The Iliad,,
,,,,"Ouran High School Host Club, Vol. 1 (Ouran High School Host Club #1)",,
,,,,Origins (Alphas 0.5),,
,,,,"Paper Girls, Vol. 1 (Paper Girls #1-5)",,
,,,,"Rat Queens, Vol. 1: Sass & Sorcery (Rat Queens (Collected Editions) #1-5)",,
,,,,"Rhythm, Chord & Malykhin",,
,,,,Paradise Lost (Paradise #1),,
,,,,"Saga, Volume 1 (Saga (Collected Editions) #1)",,
,,,,Sense and Sensibility,,
,,,,One Second (Seven #7),,
,,,,This One Moment (Pushing Limits #1),,
,,,,"Fruits Basket, Vol. 1 (Fruits Basket #1)",,
,,,,Having the Barbarian's Baby (Ice Planet Barbarians #7.5),,
,,,,"Giant Days, Vol. 1 (Giant Days #1-4)",,
,,,,"Hawkeye, Vol. 1: My Life as a Weapon (Hawkeye #1)",,
,,,,Settling the Score (The Summer Games #1),,
,,,,Shadow Rites (Jane Yellowrock #10),,
,,,,Imperfect Harmony,,
,,,,Kitchens of the Great Midwest,,
,,,,Lord of the Flies,,
,,,,Lost Among the Living,,
,,,,Listen to Me (Fusion #1),,
,,,,Meditations,,
,,,,"Ms. Marvel, Vol. 1: No Normal (Ms. Marvel (2014-2015) #1)",,
,,,,Matilda,,
,,,,Myriad (Prentor #1),,
,,,,My Perfect Mistake (Over the Top #1),,
,,,,Off Sides (Off #1),,
,,,,Old Records Never Die: One Man's Quest for His Vinyl and His Past,,
,,,,On the Road (Duluoz Legend),,
,,,,Shameless,,
,,,,Of Mice and Men,,
,,,,Shatter Me (Shatter Me #1),,
,,,,Sister Sable (The Mad Queen #1),,
,,,,"Skip Beat!, Vol. 01 (Skip Beat! #1)",,
,,,,Taking Shots (Assassins #1),,
,,,,The Art of Not Breathing,,
,,,,The Bette Davis Club,,
,,,,The Bhagavad Gita,,
,,,,Starlark,,
,,,,The Last Girl (The Dominion Trilogy #1),,
,,,,The Little Prince,,
,,,,The Mirror & the Maze (The Wrath and the Dawn #1.5),,
,,,,The Name of the Wind (The Kingkiller Chronicle #1),,
,,,,The Nicomachean Ethics,,
,,,,The No. 1 Ladies' Detective Agency (No. 1 Ladies' Detective Agency #1),,
,,,,The Odyssey,,
,,,,Jane Eyre,,
,,,,The Light of the Fireflies,,
,,,,The Secret Healer,,
,,,,The Republic,,
,,,,Twenty Love Poems and a Song of Despair,,
,,,,Vampire Girl (Vampire Girl #1),,
,,,,"Vampire Knight, Vol. 1 (Vampire Knight #1)",,
,,,,When I'm Gone,,
,,,,Where Lightning Strikes (Bleeding Stars #3),,
,,,,While You Were Mine,,
,,,,Ways of Seeing,,
,,,,"Y: The Last Man, Vol. 1: Unmanned (Y: The Last Man #1)",,
,,,,Diary of a Minecraft Zombie Book 1: A Scare of a Dare (An Unofficial Minecraft Book),,
,,,,"Fruits Basket, Vol. 2 (Fruits Basket #2)",,
,,,,"The Sandman, Vol. 2: The Doll's House (The Sandman (volumes) #2)",,
,,,,"The Suffragettes (Little Black Classics, #96)",,
,,,,#GIRLBOSS,,
,,,,The Sense of an Ending,,
,,,,"The Sandman, Vol. 1: Preludes and Nocturnes (The Sandman (volumes) #1)",,
,,,,A Heartbreaking Work of Staggering Genius,,
,,,,A Visit from the Goon Squad,,
,,,,8 Keys to Mental Health Through Exercise,,
,,,,A Walk in the Woods: Rediscovering America on the Appalachian Trail,,
,,,,Annie on My Mind,,
,,,,Eragon (The Inheritance Cycle #1),,
,,,,And Then There Were None,,
,,,,A Storm of Swords (A Song of Ice and Fire #3),,
,,,,Extreme Prey (Lucas Davenport #26),,
,,,,Fifty Shades Freed (Fifty Shades #3),,
,,,,Fire Bound (Sea Haven/Sisters of the Heart #5),,
,,,,"Friday Night Lights: A Town, a Team, and a Dream",,
,,,,Girl in the Blue Coat,,
,,,,"Fruits Basket, Vol. 3 (Fruits Basket #3)",,
,,,,Hungry Girl Clean & Hungry: Easy All-Natural Recipes for Healthy Eating in the Real World,,
,,,,Fellside,,
,,,,If I Run (If I Run #1),,
,,,,I Am Malala: The Girl Who Stood Up for Education and Was Shot by the Taliban,,
,,,,Inferno (Robert Langdon #4),,
,,,,I've Got Your Number,,
,,,,"In the Garden of Beasts: Love, Terror, and an American Family in Hitler's Berlin",,
,,,,Is Everyone Hanging Out Without Me? (And Other Concerns),,
,,,,It's Never Too Late to Begin Again: Discovering Creativity and Meaning at Midlife and Beyond,,
,,,,Into the Wild,,
,,,,Me Talk Pretty One Day,,
,,,,Jurassic Park (Jurassic Park #1),,
,,,,"Miracles from Heaven: A Little Girl, Her Journey to Heaven, and Her Amazing Story of Healing",,
,,,,Midnight Riot (Peter Grant/ Rivers of London - books #1),,
,,,,Naked,,
,,,,Neither Here nor There: Travels in Europe,,
,,,,Notes from a Small Island (Notes From a Small Island #1),,
,,,,Night (The Night Trilogy #1),,
,,,,Reservations for Two,,
,,,,Morning Star (Red Rising #3),,
,,,,Rogue Lawyer (Rogue Lawyer #1),,
,,,,Running with Scissors,,
,,,,"Rise of the Rocket Girls: The Women Who Propelled Us, from Missiles to the Moon to Mars",,
,,,,"Saga, Volume 3 (Saga (Collected Editions) #3)",,
,,,,Scarlet (The Lunar Chronicles #2),,
,,,,Seven Brief Lessons on Physics,,
,,,,Seven Days in the Art World,,
,,,,The Cat in the Hat (Beginner Books B-1),,
,,,,The Catcher in the Rye,,
,,,,The Complete Poems,,
,,,,The Complete Stories and Poems (The Works of Edgar Allan Poe [Cameo Edition]),,
,,,,The Cuckoo's Calling (Cormoran Strike #1),,
,,,,The Da Vinci Code (Robert Langdon #2),,
,,,,Rework,,
,,,,The Picture of Dorian Gray,,
,,,,The Purest Hook (Second Circle Tattoos #3),,
,,,,The Purpose Driven Life: What on Earth Am I Here for?,,
,,,,The Red Tent,,
,,,,The Rest Is Noise: Listening to the Twentieth Century,,
,,,,The Rise of Theodore Roosevelt (Theodore Roosevelt #1),,
,,,,The Road to Little Dribbling: Adventures of an American in Britain (Notes From a Small Island #2),,
,,,,The Rose & the Dagger (The Wrath and the Dawn #2),,
,,,,"The Sandman, Vol. 3: Dream Country (The Sandman (volumes) #3)",,
,,,,Very Good Lives: The Fringe Benefits of Failure and the Importance of Imagination,,
,,,,The Restaurant at the End of the Universe (Hitchhiker's Guide to the Galaxy #2),,
,,,,Voyager (Outlander #3),,
,,,,A New Earth: Awakening to Your Life's Purpose,,
,,,,A Walk to Remember,,
,,,,Animal Farm,,
,,,,Walk the Edge (Thunder Road #2),,
,,,,Can You Keep a Secret?,,
,,,,Atlas Shrugged,,
,,,,Candide,,
,,,,Changing the Game (Play by Play #2),,
,,,,Dark Lover (Black Dagger Brotherhood #1),,
,,,,Confessions of a Shopaholic (Shopaholic #1),,
,,,,No One Here Gets Out Alive,,
,,,,"Orchestra of Exiles: The Story of Bronislaw Huberman, the Israel Philharmonic, and the One Thousand Jews He Saved from Nazi Horrors",,
,,,,Outlander (Outlander #1),,
,,,,Far From True (Promise Falls Trilogy #2),,
,,,,Shopaholic Ties the Knot (Shopaholic #3),,
,,,,Paper and Fire (The Great Library #2),,
,,,,The Perfect Play (Play by Play #1),,
,,,,The Passion of Dolssa,,
,,,,The Pilgrim's Progress,,
,,,,Vegan Vegetarian Omnivore: Dinner for Everyone at the Table,,
,,,,The Undomestic Goddess,,
,,,,The Good Girl,,
,,,,When Breath Becomes Air,,
,,,,Daily Fantasy Sports,,
,,,,The Infinities,,
,,,,Golden (Heart of Dread #3),,
,,,,Icing (Aces Hockey #2),,
,,,,Sarah's Key,,
,,,,The Lean Startup: How Today's Entrepreneurs Use Continuous Innovation to Create Radically Successful Businesses,,
,,,,The Silkworm (Cormoran Strike #2),,
